region;dm_method;models_params;predictors_dict;predictors_list;selected_predictors;recall. mean;precision. mean;fscore. mean;recall. std;precision. std;fscore. std
Fusiform Gyrus;None;{'alpha': 0.01};{'eyetracking_ts': ['Face']};['Face_t6', 'Face_t5', 'Face_t4', 'Face_t3'];['Face_t6', 'Face_t5', 'Face_t4', 'Face_t3'];0.6255924170616114;0.3913658722849891;0.4815055338316776;0.0;0.0;0.0
Fusiform Gyrus;None;{'alpha': 0.4};{'facial_features_ts': [' AU01_r', ' AU02_r', ' AU04_r', ' AU05_r', ' AU06_r', ' AU07_r', ' AU10_r', ' AU12_r', ' AU14_r', ' AU15_r', ' AU17_r', ' AU20_r', ' AU23_r', ' AU25_r', ' AU26_r', ' pose_Rx', ' pose_Ry', ' pose_Rz'], 'eyetracking_ts': ['Vx', 'Vy', 'saccades', 'Face', 'Mouth', 'Eyes']};[' AU01_r_t6', ' AU01_r_t5', ' AU01_r_t4', ' AU01_r_t3', ' AU02_r_t6', ' AU02_r_t5', ' AU02_r_t4', ' AU02_r_t3', ' AU04_r_t6', ' AU04_r_t5', ' AU04_r_t4', ' AU04_r_t3', ' AU05_r_t6', ' AU05_r_t5', ' AU05_r_t4', ' AU05_r_t3', ' AU06_r_t6', ' AU06_r_t5', ' AU06_r_t4', ' AU06_r_t3', ' AU07_r_t6', ' AU07_r_t5', ' AU07_r_t4', ' AU07_r_t3', ' AU10_r_t6', ' AU10_r_t5', ' AU10_r_t4', ' AU10_r_t3', ' AU12_r_t6', ' AU12_r_t5', ' AU12_r_t4', ' AU12_r_t3', ' AU14_r_t6', ' AU14_r_t5', ' AU14_r_t4', ' AU14_r_t3', ' AU15_r_t6', ' AU15_r_t5', ' AU15_r_t4', ' AU15_r_t3', ' AU17_r_t6', ' AU17_r_t5', ' AU17_r_t4', ' AU17_r_t3', ' AU20_r_t6', ' AU20_r_t5', ' AU20_r_t4', ' AU20_r_t3', ' AU23_r_t6', ' AU23_r_t5', ' AU23_r_t4', ' AU23_r_t3', ' AU25_r_t6', ' AU25_r_t5', ' AU25_r_t4', ' AU25_r_t3', ' AU26_r_t6', ' AU26_r_t5', ' AU26_r_t4', ' AU26_r_t3', ' pose_Rx_t6', ' pose_Rx_t5', ' pose_Rx_t4', ' pose_Rx_t3', ' pose_Ry_t6', ' pose_Ry_t5', ' pose_Ry_t4', ' pose_Ry_t3', ' pose_Rz_t6', ' pose_Rz_t5', ' pose_Rz_t4', ' pose_Rz_t3', 'Vx_t6', 'Vx_t5', 'Vx_t4', 'Vx_t3', 'Vy_t6', 'Vy_t5', 'Vy_t4', 'Vy_t3', 'saccades_t6', 'saccades_t5', 'saccades_t4', 'saccades_t3', 'Face_t6', 'Face_t5', 'Face_t4', 'Face_t3', 'Mouth_t6', 'Mouth_t5', 'Mouth_t4', 'Mouth_t3', 'Eyes_t6', 'Eyes_t5', 'Eyes_t4', 'Eyes_t3'];[' AU01_r_t6', ' AU01_r_t5', ' AU01_r_t4', ' AU01_r_t3', ' AU02_r_t6', ' AU02_r_t5', ' AU02_r_t4', ' AU02_r_t3', ' AU04_r_t6', ' AU04_r_t5', ' AU04_r_t4', ' AU04_r_t3', ' AU05_r_t6', ' AU05_r_t5', ' AU05_r_t4', ' AU05_r_t3', ' AU06_r_t6', ' AU06_r_t5', ' AU06_r_t4', ' AU06_r_t3', ' AU07_r_t6', ' AU07_r_t5', ' AU07_r_t4', ' AU07_r_t3', ' AU10_r_t6', ' AU10_r_t5', ' AU10_r_t4', ' AU10_r_t3', ' AU12_r_t6', ' AU12_r_t5', ' AU12_r_t4', ' AU12_r_t3', ' AU14_r_t6', ' AU14_r_t5', ' AU14_r_t4', ' AU14_r_t3', ' AU15_r_t6', ' AU15_r_t5', ' AU15_r_t4', ' AU15_r_t3', ' AU17_r_t6', ' AU17_r_t5', ' AU17_r_t4', ' AU17_r_t3', ' AU20_r_t6', ' AU20_r_t5', ' AU20_r_t4', ' AU20_r_t3', ' AU23_r_t6', ' AU23_r_t5', ' AU23_r_t4', ' AU23_r_t3', ' AU25_r_t6', ' AU25_r_t5', ' AU25_r_t4', ' AU25_r_t3', ' AU26_r_t6', ' AU26_r_t5', ' AU26_r_t4', ' AU26_r_t3', ' pose_Rx_t6', ' pose_Rx_t5', ' pose_Rx_t4', ' pose_Rx_t3', ' pose_Ry_t6', ' pose_Ry_t5', ' pose_Ry_t4', ' pose_Ry_t3', ' pose_Rz_t6', ' pose_Rz_t5', ' pose_Rz_t4', ' pose_Rz_t3', 'Vx_t6', 'Vx_t5', 'Vx_t4', 'Vx_t3', 'Vy_t6', 'Vy_t5', 'Vy_t4', 'Vy_t3', 'saccades_t6', 'saccades_t5', 'saccades_t4', 'saccades_t3', 'Face_t6', 'Face_t5', 'Face_t4', 'Face_t3', 'Mouth_t6', 'Mouth_t5', 'Mouth_t4', 'Mouth_t3', 'Eyes_t6', 'Eyes_t5', 'Eyes_t4', 'Eyes_t3'];0.6007109004739336;0.5432816076667634;0.5039962250829508;0.0;0.0;0.0
Fusiform Gyrus;None;{'alpha': 0.01};{'eyetracking_ts': ['Face']};['Face_t6', 'Face_t5', 'Face_t4', 'Face_t3'];['Face_t6', 'Face_t5', 'Face_t4', 'Face_t3'];0.6421800947867299;0.41239527414029337;0.5022534074666777;0.0;0.0;0.0
Fusiform Gyrus;None;{'alpha': 0.01};{'facial_features_ts': [' pose_Rx', ' pose_Ry', ' pose_Rz', ' pose_Tx', ' pose_Ty', ' pose_Tz'], 'eyetracking_ts': ['Vx', 'Vy', 'saccades', 'Face', 'Mouth', 'Eyes']};[' pose_Rx_t6', ' pose_Rx_t5', ' pose_Rx_t4', ' pose_Rx_t3', ' pose_Ry_t6', ' pose_Ry_t5', ' pose_Ry_t4', ' pose_Ry_t3', ' pose_Rz_t6', ' pose_Rz_t5', ' pose_Rz_t4', ' pose_Rz_t3', ' pose_Tx_t6', ' pose_Tx_t5', ' pose_Tx_t4', ' pose_Tx_t3', ' pose_Ty_t6', ' pose_Ty_t5', ' pose_Ty_t4', ' pose_Ty_t3', ' pose_Tz_t6', ' pose_Tz_t5', ' pose_Tz_t4', ' pose_Tz_t3', 'Vx_t6', 'Vx_t5', 'Vx_t4', 'Vx_t3', 'Vy_t6', 'Vy_t5', 'Vy_t4', 'Vy_t3', 'saccades_t6', 'saccades_t5', 'saccades_t4', 'saccades_t3', 'Face_t6', 'Face_t5', 'Face_t4', 'Face_t3', 'Mouth_t6', 'Mouth_t5', 'Mouth_t4', 'Mouth_t3', 'Eyes_t6', 'Eyes_t5', 'Eyes_t4', 'Eyes_t3'];[' pose_Rx_t6', ' pose_Rx_t5', ' pose_Rx_t4', ' pose_Rx_t3', ' pose_Ry_t6', ' pose_Ry_t5', ' pose_Ry_t4', ' pose_Ry_t3', ' pose_Rz_t6', ' pose_Rz_t5', ' pose_Rz_t4', ' pose_Rz_t3', ' pose_Tx_t6', ' pose_Tx_t5', ' pose_Tx_t4', ' pose_Tx_t3', ' pose_Ty_t6', ' pose_Ty_t5', ' pose_Ty_t4', ' pose_Ty_t3', ' pose_Tz_t6', ' pose_Tz_t5', ' pose_Tz_t4', ' pose_Tz_t3', 'Vx_t6', 'Vx_t5', 'Vx_t4', 'Vx_t3', 'Vy_t6', 'Vy_t5', 'Vy_t4', 'Vy_t3', 'saccades_t6', 'saccades_t5', 'saccades_t4', 'saccades_t3', 'Face_t6', 'Face_t5', 'Face_t4', 'Face_t3', 'Mouth_t6', 'Mouth_t5', 'Mouth_t4', 'Mouth_t3', 'Eyes_t6', 'Eyes_t5', 'Eyes_t4', 'Eyes_t3'];0.6374407582938388;0.5625929564982854;0.5198538889239704;0.0;0.0;0.0
Fusiform Gyrus;None;{'alpha': 0.01};{'facial_features_ts': [' pose_Rx', ' pose_Ry', ' pose_Rz', ' pose_Tx', ' pose_Ty', ' pose_Tz'], 'eyetracking_ts': ['Face']};[' pose_Rx_t6', ' pose_Rx_t5', ' pose_Rx_t4', ' pose_Rx_t3', ' pose_Ry_t6', ' pose_Ry_t5', ' pose_Ry_t4', ' pose_Ry_t3', ' pose_Rz_t6', ' pose_Rz_t5', ' pose_Rz_t4', ' pose_Rz_t3', ' pose_Tx_t6', ' pose_Tx_t5', ' pose_Tx_t4', ' pose_Tx_t3', ' pose_Ty_t6', ' pose_Ty_t5', ' pose_Ty_t4', ' pose_Ty_t3', ' pose_Tz_t6', ' pose_Tz_t5', ' pose_Tz_t4', ' pose_Tz_t3', 'Face_t6', 'Face_t5', 'Face_t4', 'Face_t3'];[' pose_Rx_t6', ' pose_Rx_t5', ' pose_Rx_t4', ' pose_Rx_t3', ' pose_Ry_t6', ' pose_Ry_t5', ' pose_Ry_t4', ' pose_Ry_t3', ' pose_Rz_t6', ' pose_Rz_t5', ' pose_Rz_t4', ' pose_Rz_t3', ' pose_Tx_t6', ' pose_Tx_t5', ' pose_Tx_t4', ' pose_Tx_t3', ' pose_Ty_t6', ' pose_Ty_t5', ' pose_Ty_t4', ' pose_Ty_t3', ' pose_Tz_t6', ' pose_Tz_t5', ' pose_Tz_t4', ' pose_Tz_t3', 'Face_t6', 'Face_t5', 'Face_t4', 'Face_t3'];0.590047393364929;0.4908553264268397;0.4580681731665999;0.0;0.0;0.0
Fusiform Gyrus;None;{'alpha': 0.01};{'facial_features_ts': [' pose_Rx', ' pose_Ry', ' pose_Rz', ' pose_Tx', ' pose_Ty', ' pose_Tz']};[' pose_Rx_t6', ' pose_Rx_t5', ' pose_Rx_t4', ' pose_Rx_t3', ' pose_Ry_t6', ' pose_Ry_t5', ' pose_Ry_t4', ' pose_Ry_t3', ' pose_Rz_t6', ' pose_Rz_t5', ' pose_Rz_t4', ' pose_Rz_t3', ' pose_Tx_t6', ' pose_Tx_t5', ' pose_Tx_t4', ' pose_Tx_t3', ' pose_Ty_t6', ' pose_Ty_t5', ' pose_Ty_t4', ' pose_Ty_t3', ' pose_Tz_t6', ' pose_Tz_t5', ' pose_Tz_t4', ' pose_Tz_t3'];[' pose_Rx_t6', ' pose_Rx_t5', ' pose_Rx_t4', ' pose_Rx_t3', ' pose_Ry_t6', ' pose_Ry_t5', ' pose_Ry_t4', ' pose_Ry_t3', ' pose_Rz_t6', ' pose_Rz_t5', ' pose_Rz_t4', ' pose_Rz_t3', ' pose_Tx_t6', ' pose_Tx_t5', ' pose_Tx_t4', ' pose_Tx_t3', ' pose_Ty_t6', ' pose_Ty_t5', ' pose_Ty_t4', ' pose_Ty_t3', ' pose_Tz_t6', ' pose_Tz_t5', ' pose_Tz_t4', ' pose_Tz_t3'];0.6018957345971564;0.549696335637257;0.4675111044991817;0.0;0.0;0.0
Fusiform Gyrus;None;{'alpha': 0.01};{'facial_features_ts': [' AU01_c', ' AU02_c', ' AU04_c', ' AU05_c', ' AU06_c', ' AU07_c', ' AU10_c', ' AU12_c', ' AU14_c', ' AU15_c', ' AU17_c', ' AU20_c', ' AU23_c', ' AU25_c', ' AU26_c', ' pose_Rx', ' pose_Ry', ' pose_Rz', ' pose_Tx', ' pose_Ty', ' pose_Tz']};[' AU01_c_t6', ' AU01_c_t5', ' AU01_c_t4', ' AU01_c_t3', ' AU02_c_t6', ' AU02_c_t5', ' AU02_c_t4', ' AU02_c_t3', ' AU04_c_t6', ' AU04_c_t5', ' AU04_c_t4', ' AU04_c_t3', ' AU05_c_t6', ' AU05_c_t5', ' AU05_c_t4', ' AU05_c_t3', ' AU06_c_t6', ' AU06_c_t5', ' AU06_c_t4', ' AU06_c_t3', ' AU07_c_t6', ' AU07_c_t5', ' AU07_c_t4', ' AU07_c_t3', ' AU10_c_t6', ' AU10_c_t5', ' AU10_c_t4', ' AU10_c_t3', ' AU12_c_t6', ' AU12_c_t5', ' AU12_c_t4', ' AU12_c_t3', ' AU14_c_t6', ' AU14_c_t5', ' AU14_c_t4', ' AU14_c_t3', ' AU15_c_t6', ' AU15_c_t5', ' AU15_c_t4', ' AU15_c_t3', ' AU17_c_t6', ' AU17_c_t5', ' AU17_c_t4', ' AU17_c_t3', ' AU20_c_t6', ' AU20_c_t5', ' AU20_c_t4', ' AU20_c_t3', ' AU23_c_t6', ' AU23_c_t5', ' AU23_c_t4', ' AU23_c_t3', ' AU25_c_t6', ' AU25_c_t5', ' AU25_c_t4', ' AU25_c_t3', ' AU26_c_t6', ' AU26_c_t5', ' AU26_c_t4', ' AU26_c_t3', ' pose_Rx_t6', ' pose_Rx_t5', ' pose_Rx_t4', ' pose_Rx_t3', ' pose_Ry_t6', ' pose_Ry_t5', ' pose_Ry_t4', ' pose_Ry_t3', ' pose_Rz_t6', ' pose_Rz_t5', ' pose_Rz_t4', ' pose_Rz_t3', ' pose_Tx_t6', ' pose_Tx_t5', ' pose_Tx_t4', ' pose_Tx_t3', ' pose_Ty_t6', ' pose_Ty_t5', ' pose_Ty_t4', ' pose_Ty_t3', ' pose_Tz_t6', ' pose_Tz_t5', ' pose_Tz_t4', ' pose_Tz_t3'];[' AU01_c_t6', ' AU01_c_t5', ' AU01_c_t4', ' AU01_c_t3', ' AU02_c_t6', ' AU02_c_t5', ' AU02_c_t4', ' AU02_c_t3', ' AU04_c_t6', ' AU04_c_t5', ' AU04_c_t4', ' AU04_c_t3', ' AU05_c_t6', ' AU05_c_t5', ' AU05_c_t4', ' AU05_c_t3', ' AU06_c_t6', ' AU06_c_t5', ' AU06_c_t4', ' AU06_c_t3', ' AU07_c_t6', ' AU07_c_t5', ' AU07_c_t4', ' AU07_c_t3', ' AU10_c_t6', ' AU10_c_t5', ' AU10_c_t4', ' AU10_c_t3', ' AU12_c_t6', ' AU12_c_t5', ' AU12_c_t4', ' AU12_c_t3', ' AU14_c_t6', ' AU14_c_t5', ' AU14_c_t4', ' AU14_c_t3', ' AU15_c_t6', ' AU15_c_t5', ' AU15_c_t4', ' AU15_c_t3', ' AU17_c_t6', ' AU17_c_t5', ' AU17_c_t4', ' AU17_c_t3', ' AU20_c_t6', ' AU20_c_t5', ' AU20_c_t4', ' AU20_c_t3', ' AU23_c_t6', ' AU23_c_t5', ' AU23_c_t4', ' AU23_c_t3', ' AU25_c_t6', ' AU25_c_t5', ' AU25_c_t4', ' AU25_c_t3', ' AU26_c_t6', ' AU26_c_t5', ' AU26_c_t4', ' AU26_c_t3', ' pose_Rx_t6', ' pose_Rx_t5', ' pose_Rx_t4', ' pose_Rx_t3', ' pose_Ry_t6', ' pose_Ry_t5', ' pose_Ry_t4', ' pose_Ry_t3', ' pose_Rz_t6', ' pose_Rz_t5', ' pose_Rz_t4', ' pose_Rz_t3', ' pose_Tx_t6', ' pose_Tx_t5', ' pose_Tx_t4', ' pose_Tx_t3', ' pose_Ty_t6', ' pose_Ty_t5', ' pose_Ty_t4', ' pose_Ty_t3', ' pose_Tz_t6', ' pose_Tz_t5', ' pose_Tz_t4', ' pose_Tz_t3'];0.5936018957345972;0.5215370391496441;0.49960653827011764;0.0;0.0;0.0
Fusiform Gyrus;None;{'alpha': 0.01};{'facial_features_ts': [' AU01_r', ' AU02_r', ' AU04_r', ' AU05_r', ' AU06_r', ' AU07_r', ' AU10_r', ' AU12_r', ' AU14_r', ' AU15_r', ' AU17_r', ' AU20_r', ' AU23_r', ' AU25_r', ' AU26_r'], 'eyetracking_ts': ['Vx', 'Vy', 'saccades', 'Face', 'Mouth', 'Eyes']};[' AU01_r_t6', ' AU01_r_t5', ' AU01_r_t4', ' AU01_r_t3', ' AU02_r_t6', ' AU02_r_t5', ' AU02_r_t4', ' AU02_r_t3', ' AU04_r_t6', ' AU04_r_t5', ' AU04_r_t4', ' AU04_r_t3', ' AU05_r_t6', ' AU05_r_t5', ' AU05_r_t4', ' AU05_r_t3', ' AU06_r_t6', ' AU06_r_t5', ' AU06_r_t4', ' AU06_r_t3', ' AU07_r_t6', ' AU07_r_t5', ' AU07_r_t4', ' AU07_r_t3', ' AU10_r_t6', ' AU10_r_t5', ' AU10_r_t4', ' AU10_r_t3', ' AU12_r_t6', ' AU12_r_t5', ' AU12_r_t4', ' AU12_r_t3', ' AU14_r_t6', ' AU14_r_t5', ' AU14_r_t4', ' AU14_r_t3', ' AU15_r_t6', ' AU15_r_t5', ' AU15_r_t4', ' AU15_r_t3', ' AU17_r_t6', ' AU17_r_t5', ' AU17_r_t4', ' AU17_r_t3', ' AU20_r_t6', ' AU20_r_t5', ' AU20_r_t4', ' AU20_r_t3', ' AU23_r_t6', ' AU23_r_t5', ' AU23_r_t4', ' AU23_r_t3', ' AU25_r_t6', ' AU25_r_t5', ' AU25_r_t4', ' AU25_r_t3', ' AU26_r_t6', ' AU26_r_t5', ' AU26_r_t4', ' AU26_r_t3', 'Vx_t6', 'Vx_t5', 'Vx_t4', 'Vx_t3', 'Vy_t6', 'Vy_t5', 'Vy_t4', 'Vy_t3', 'saccades_t6', 'saccades_t5', 'saccades_t4', 'saccades_t3', 'Face_t6', 'Face_t5', 'Face_t4', 'Face_t3', 'Mouth_t6', 'Mouth_t5', 'Mouth_t4', 'Mouth_t3', 'Eyes_t6', 'Eyes_t5', 'Eyes_t4', 'Eyes_t3'];[' AU01_r_t6', ' AU01_r_t5', ' AU01_r_t4', ' AU01_r_t3', ' AU02_r_t6', ' AU02_r_t5', ' AU02_r_t4', ' AU02_r_t3', ' AU04_r_t6', ' AU04_r_t5', ' AU04_r_t4', ' AU04_r_t3', ' AU05_r_t6', ' AU05_r_t5', ' AU05_r_t4', ' AU05_r_t3', ' AU06_r_t6', ' AU06_r_t5', ' AU06_r_t4', ' AU06_r_t3', ' AU07_r_t6', ' AU07_r_t5', ' AU07_r_t4', ' AU07_r_t3', ' AU10_r_t6', ' AU10_r_t5', ' AU10_r_t4', ' AU10_r_t3', ' AU12_r_t6', ' AU12_r_t5', ' AU12_r_t4', ' AU12_r_t3', ' AU14_r_t6', ' AU14_r_t5', ' AU14_r_t4', ' AU14_r_t3', ' AU15_r_t6', ' AU15_r_t5', ' AU15_r_t4', ' AU15_r_t3', ' AU17_r_t6', ' AU17_r_t5', ' AU17_r_t4', ' AU17_r_t3', ' AU20_r_t6', ' AU20_r_t5', ' AU20_r_t4', ' AU20_r_t3', ' AU23_r_t6', ' AU23_r_t5', ' AU23_r_t4', ' AU23_r_t3', ' AU25_r_t6', ' AU25_r_t5', ' AU25_r_t4', ' AU25_r_t3', ' AU26_r_t6', ' AU26_r_t5', ' AU26_r_t4', ' AU26_r_t3', 'Vx_t6', 'Vx_t5', 'Vx_t4', 'Vx_t3', 'Vy_t6', 'Vy_t5', 'Vy_t4', 'Vy_t3', 'saccades_t6', 'saccades_t5', 'saccades_t4', 'saccades_t3', 'Face_t6', 'Face_t5', 'Face_t4', 'Face_t3', 'Mouth_t6', 'Mouth_t5', 'Mouth_t4', 'Mouth_t3', 'Eyes_t6', 'Eyes_t5', 'Eyes_t4', 'Eyes_t3'];0.6042654028436019;0.5120774810642245;0.5193548461194349;0.0;0.0;0.0
Fusiform Gyrus;None;{'alpha': 0.01};{'facial_features_ts': [' pose_Rx', ' pose_Ry', ' pose_Rz', ' pose_Tx', ' pose_Ty', ' pose_Tz', ' AU01_r', ' AU02_r', ' AU04_r', ' AU05_r', ' AU06_r', ' AU07_r', ' AU10_r', ' AU12_r', ' AU14_r', ' AU15_r', ' AU17_r', ' AU20_r', ' AU23_r', ' AU25_r', ' AU26_r']};[' pose_Rx_t6', ' pose_Rx_t5', ' pose_Rx_t4', ' pose_Rx_t3', ' pose_Ry_t6', ' pose_Ry_t5', ' pose_Ry_t4', ' pose_Ry_t3', ' pose_Rz_t6', ' pose_Rz_t5', ' pose_Rz_t4', ' pose_Rz_t3', ' pose_Tx_t6', ' pose_Tx_t5', ' pose_Tx_t4', ' pose_Tx_t3', ' pose_Ty_t6', ' pose_Ty_t5', ' pose_Ty_t4', ' pose_Ty_t3', ' pose_Tz_t6', ' pose_Tz_t5', ' pose_Tz_t4', ' pose_Tz_t3', ' AU01_r_t6', ' AU01_r_t5', ' AU01_r_t4', ' AU01_r_t3', ' AU02_r_t6', ' AU02_r_t5', ' AU02_r_t4', ' AU02_r_t3', ' AU04_r_t6', ' AU04_r_t5', ' AU04_r_t4', ' AU04_r_t3', ' AU05_r_t6', ' AU05_r_t5', ' AU05_r_t4', ' AU05_r_t3', ' AU06_r_t6', ' AU06_r_t5', ' AU06_r_t4', ' AU06_r_t3', ' AU07_r_t6', ' AU07_r_t5', ' AU07_r_t4', ' AU07_r_t3', ' AU10_r_t6', ' AU10_r_t5', ' AU10_r_t4', ' AU10_r_t3', ' AU12_r_t6', ' AU12_r_t5', ' AU12_r_t4', ' AU12_r_t3', ' AU14_r_t6', ' AU14_r_t5', ' AU14_r_t4', ' AU14_r_t3', ' AU15_r_t6', ' AU15_r_t5', ' AU15_r_t4', ' AU15_r_t3', ' AU17_r_t6', ' AU17_r_t5', ' AU17_r_t4', ' AU17_r_t3', ' AU20_r_t6', ' AU20_r_t5', ' AU20_r_t4', ' AU20_r_t3', ' AU23_r_t6', ' AU23_r_t5', ' AU23_r_t4', ' AU23_r_t3', ' AU25_r_t6', ' AU25_r_t5', ' AU25_r_t4', ' AU25_r_t3', ' AU26_r_t6', ' AU26_r_t5', ' AU26_r_t4', ' AU26_r_t3'];[' pose_Rx_t6', ' pose_Rx_t5', ' pose_Rx_t4', ' pose_Rx_t3', ' pose_Ry_t6', ' pose_Ry_t5', ' pose_Ry_t4', ' pose_Ry_t3', ' pose_Rz_t6', ' pose_Rz_t5', ' pose_Rz_t4', ' pose_Rz_t3', ' pose_Tx_t6', ' pose_Tx_t5', ' pose_Tx_t4', ' pose_Tx_t3', ' pose_Ty_t6', ' pose_Ty_t5', ' pose_Ty_t4', ' pose_Ty_t3', ' pose_Tz_t6', ' pose_Tz_t5', ' pose_Tz_t4', ' pose_Tz_t3', ' AU01_r_t6', ' AU01_r_t5', ' AU01_r_t4', ' AU01_r_t3', ' AU02_r_t6', ' AU02_r_t5', ' AU02_r_t4', ' AU02_r_t3', ' AU04_r_t6', ' AU04_r_t5', ' AU04_r_t4', ' AU04_r_t3', ' AU05_r_t6', ' AU05_r_t5', ' AU05_r_t4', ' AU05_r_t3', ' AU06_r_t6', ' AU06_r_t5', ' AU06_r_t4', ' AU06_r_t3', ' AU07_r_t6', ' AU07_r_t5', ' AU07_r_t4', ' AU07_r_t3', ' AU10_r_t6', ' AU10_r_t5', ' AU10_r_t4', ' AU10_r_t3', ' AU12_r_t6', ' AU12_r_t5', ' AU12_r_t4', ' AU12_r_t3', ' AU14_r_t6', ' AU14_r_t5', ' AU14_r_t4', ' AU14_r_t3', ' AU15_r_t6', ' AU15_r_t5', ' AU15_r_t4', ' AU15_r_t3', ' AU17_r_t6', ' AU17_r_t5', ' AU17_r_t4', ' AU17_r_t3', ' AU20_r_t6', ' AU20_r_t5', ' AU20_r_t4', ' AU20_r_t3', ' AU23_r_t6', ' AU23_r_t5', ' AU23_r_t4', ' AU23_r_t3', ' AU25_r_t6', ' AU25_r_t5', ' AU25_r_t4', ' AU25_r_t3', ' AU26_r_t6', ' AU26_r_t5', ' AU26_r_t4', ' AU26_r_t3'];0.6125592417061612;0.5629840125883298;0.5170970045722496;0.0;0.0;0.0
Fusiform Gyrus;None;{'alpha': 0.01};{'facial_features_ts': [' pose_Rx', ' pose_Ry', ' pose_Rz', ' pose_Tx', ' pose_Ty', ' pose_Tz'], 'eyetracking_ts': ['Face']};[' pose_Rx_t6', ' pose_Rx_t5', ' pose_Rx_t4', ' pose_Rx_t3', ' pose_Ry_t6', ' pose_Ry_t5', ' pose_Ry_t4', ' pose_Ry_t3', ' pose_Rz_t6', ' pose_Rz_t5', ' pose_Rz_t4', ' pose_Rz_t3', ' pose_Tx_t6', ' pose_Tx_t5', ' pose_Tx_t4', ' pose_Tx_t3', ' pose_Ty_t6', ' pose_Ty_t5', ' pose_Ty_t4', ' pose_Ty_t3', ' pose_Tz_t6', ' pose_Tz_t5', ' pose_Tz_t4', ' pose_Tz_t3', 'Face_t6', 'Face_t5', 'Face_t4', 'Face_t3'];[' pose_Rx_t6', ' pose_Rx_t5', ' pose_Rx_t4', ' pose_Rx_t3', ' pose_Ry_t6', ' pose_Ry_t5', ' pose_Ry_t4', ' pose_Ry_t3', ' pose_Rz_t6', ' pose_Rz_t5', ' pose_Rz_t4', ' pose_Rz_t3', ' pose_Tx_t6', ' pose_Tx_t5', ' pose_Tx_t4', ' pose_Tx_t3', ' pose_Ty_t6', ' pose_Ty_t5', ' pose_Ty_t4', ' pose_Ty_t3', ' pose_Tz_t6', ' pose_Tz_t5', ' pose_Tz_t4', ' pose_Tz_t3', 'Face_t6', 'Face_t5', 'Face_t4', 'Face_t3'];0.6279620853080569;0.5667810355256303;0.5062901981010711;0.0;0.0;0.0
Left Motor Cortex;None;{'alpha': 0.3};{'speech_ts': ['Signal']};['Signal_t6', 'Signal_t5', 'Signal_t4', 'Signal_t3'];['Signal_t6', 'Signal_t5', 'Signal_t4', 'Signal_t3'];0.6765402843601895;0.6648152914998663;0.6667591504320797;0.0;0.0;0.0
Left Motor Cortex;None;{'alpha': 0.01};{'speech_left_ts': ['SpeechActivity_left']};['SpeechActivity_left_t6', 'SpeechActivity_left_t5', 'SpeechActivity_left_t4', 'SpeechActivity_left_t3'];['SpeechActivity_left_t6', 'SpeechActivity_left_t5', 'SpeechActivity_left_t4', 'SpeechActivity_left_t3'];0.5947867298578199;0.3537712540149592;0.4436596409935001;0.0;0.0;0.0
Left Motor Cortex;None;{'alpha': 0.01};{'speech_left_ts': ['Signal_left']};['Signal_left_t6', 'Signal_left_t5', 'Signal_left_t4', 'Signal_left_t3'];['Signal_left_t6', 'Signal_left_t5', 'Signal_left_t4', 'Signal_left_t3'];0.6682464454976303;0.6583522854385375;0.6478858702776178;0.0;0.0;0.0
Left Motor Cortex;None;{'alpha': 0.01};{'speech_left_ts': ['IPU_left']};['IPU_left_t6', 'IPU_left_t5', 'IPU_left_t4', 'IPU_left_t3'];['IPU_left_t6', 'IPU_left_t5', 'IPU_left_t4', 'IPU_left_t3'];0.659952606635071;0.6552053109034703;0.6487421397537428;0.0;0.0;0.0
Left Motor Cortex;None;{'alpha': 0.01};{'speech_ts': ['IPU']};['IPU_t6', 'IPU_t5', 'IPU_t4', 'IPU_t3'];['IPU_t6', 'IPU_t5', 'IPU_t4', 'IPU_t3'];0.6184834123222749;0.6128332587183724;0.6145342321705908;0.0;0.0;0.0
Left Motor Cortex;None;{'alpha': 0.01};{'speech_ts': ['talk']};['talk_t6', 'talk_t5', 'talk_t4', 'talk_t3'];['talk_t6', 'talk_t5', 'talk_t4', 'talk_t3'];0.6670616113744076;0.662552156617577;0.6640109910678855;0.0;0.0;0.0
Left Motor Cortex;None;{'alpha': 0.01};{'speech_left_ts': ['talk_left']};['talk_left_t6', 'talk_left_t5', 'talk_left_t4', 'talk_left_t3'];['talk_left_t6', 'talk_left_t5', 'talk_left_t4', 'talk_left_t3'];0.6611374407582938;0.6504151352428619;0.6265290298098176;0.0;0.0;0.0
Left Motor Cortex;None;{'alpha': 0.01};{'speech_ts': ['IPU'], 'speech_left_ts': ['IPU_left']};['IPU_t6', 'IPU_t5', 'IPU_t4', 'IPU_t3', 'IPU_left_t6', 'IPU_left_t5', 'IPU_left_t4', 'IPU_left_t3'];['IPU_t6', 'IPU_t5', 'IPU_t4', 'IPU_t3', 'IPU_left_t6', 'IPU_left_t5', 'IPU_left_t4', 'IPU_left_t3'];0.7002369668246445;0.6930330965904483;0.6945670085972331;0.0;0.0;0.0
Left Motor Cortex;None;{'alpha': 0.2};{'speech_left_ts': ['SpeechActivity_left', 'talk_left']};['SpeechActivity_left_t6', 'SpeechActivity_left_t5', 'SpeechActivity_left_t4', 'SpeechActivity_left_t3', 'talk_left_t6', 'talk_left_t5', 'talk_left_t4', 'talk_left_t3'];['SpeechActivity_left_t6', 'SpeechActivity_left_t5', 'SpeechActivity_left_t4', 'SpeechActivity_left_t3', 'talk_left_t6', 'talk_left_t5', 'talk_left_t4', 'talk_left_t3'];0.6018957345971564;0.5917537560593054;0.53425814644323;0.0;0.0;0.0
Left Motor Cortex;None;{'alpha': 0.01};{'speech_left_ts': ['IPU_left', 'talk_left']};['IPU_left_t6', 'IPU_left_t5', 'IPU_left_t4', 'IPU_left_t3', 'talk_left_t6', 'talk_left_t5', 'talk_left_t4', 'talk_left_t3'];['IPU_left_t6', 'IPU_left_t5', 'IPU_left_t4', 'IPU_left_t3', 'talk_left_t6', 'talk_left_t5', 'talk_left_t4', 'talk_left_t3'];0.6682464454976303;0.6620442973901557;0.6636180468335875;0.0;0.0;0.0
Left Motor Cortex;None;{'alpha': 0.01};{'speech_left_ts': ['IPU_left', 'Overlap_left']};['IPU_left_t6', 'IPU_left_t5', 'IPU_left_t4', 'IPU_left_t3', 'Overlap_left_t6', 'Overlap_left_t5', 'Overlap_left_t4', 'Overlap_left_t3'];['IPU_left_t6', 'IPU_left_t5', 'IPU_left_t4', 'IPU_left_t3', 'Overlap_left_t6', 'Overlap_left_t5', 'Overlap_left_t4', 'Overlap_left_t3'];0.6895734597156398;0.679540051278067;0.6801159246793752;0.0;0.0;0.0
Left Motor Cortex;None;{'alpha': 0.3};{'speech_left_ts': ['IPU_left', 'Overlap_left', 'ReactionTime_left']};['IPU_left_t6', 'IPU_left_t5', 'IPU_left_t4', 'IPU_left_t3', 'Overlap_left_t6', 'Overlap_left_t5', 'Overlap_left_t4', 'Overlap_left_t3', 'ReactionTime_left_t6', 'ReactionTime_left_t5', 'ReactionTime_left_t4', 'ReactionTime_left_t3'];['IPU_left_t6', 'IPU_left_t5', 'IPU_left_t4', 'IPU_left_t3', 'Overlap_left_t6', 'Overlap_left_t5', 'Overlap_left_t4', 'Overlap_left_t3', 'ReactionTime_left_t6', 'ReactionTime_left_t5', 'ReactionTime_left_t4', 'ReactionTime_left_t3'];0.6990521327014217;0.6911261252998848;0.6908452179053004;0.0;0.0;0.0
Right Motor Cortex;None;{'alpha': 0.2};{'speech_ts': ['Signal']};['Signal_t6', 'Signal_t5', 'Signal_t4', 'Signal_t3'];['Signal_t6', 'Signal_t5', 'Signal_t4', 'Signal_t3'];0.5936018957345972;0.5862046112978848;0.587908841547451;0.0;0.0;0.0
Right Motor Cortex;None;{'alpha': 0.01};{'speech_left_ts': ['SpeechActivity_left']};['SpeechActivity_left_t6', 'SpeechActivity_left_t5', 'SpeechActivity_left_t4', 'SpeechActivity_left_t3'];['SpeechActivity_left_t6', 'SpeechActivity_left_t5', 'SpeechActivity_left_t4', 'SpeechActivity_left_t3'];0.6030805687203792;0.36715487655747225;0.45643348290441116;0.0;0.0;0.0
Right Motor Cortex;None;{'alpha': 0.01};{'speech_left_ts': ['Signal_left']};['Signal_left_t6', 'Signal_left_t5', 'Signal_left_t4', 'Signal_left_t3'];['Signal_left_t6', 'Signal_left_t5', 'Signal_left_t4', 'Signal_left_t3'];0.6575829383886256;0.6548932473438999;0.641567247600051;0.0;0.0;0.0
Right Motor Cortex;None;{'alpha': 0.01};{'speech_left_ts': ['IPU_left']};['IPU_left_t6', 'IPU_left_t5', 'IPU_left_t4', 'IPU_left_t3'];['IPU_left_t6', 'IPU_left_t5', 'IPU_left_t4', 'IPU_left_t3'];0.6611374407582938;0.6559781925081298;0.6548877445727599;0.0;0.0;0.0
Right Motor Cortex;None;{'alpha': 0.01};{'speech_ts': ['IPU']};['IPU_t6', 'IPU_t5', 'IPU_t4', 'IPU_t3'];['IPU_t6', 'IPU_t5', 'IPU_t4', 'IPU_t3'];0.6481042654028436;0.6496182292378181;0.648788033332444;0.0;0.0;0.0
Right Motor Cortex;None;{'alpha': 0.01};{'speech_ts': ['talk']};['talk_t6', 'talk_t5', 'talk_t4', 'talk_t3'];['talk_t6', 'talk_t5', 'talk_t4', 'talk_t3'];0.6374407582938388;0.6419377086502462;0.6390896716451404;0.0;0.0;0.0
Right Motor Cortex;None;{'alpha': 0.01};{'speech_left_ts': ['talk_left']};['talk_left_t6', 'talk_left_t5', 'talk_left_t4', 'talk_left_t3'];['talk_left_t6', 'talk_left_t5', 'talk_left_t4', 'talk_left_t3'];0.6007109004739336;0.5778787946295868;0.5577576655309591;0.0;0.0;0.0
Right Motor Cortex;None;{'alpha': 0.01};{'speech_ts': ['IPU'], 'speech_left_ts': ['IPU_left']};['IPU_t6', 'IPU_t5', 'IPU_t4', 'IPU_t3', 'IPU_left_t6', 'IPU_left_t5', 'IPU_left_t4', 'IPU_left_t3'];['IPU_t6', 'IPU_t5', 'IPU_t4', 'IPU_t3', 'IPU_left_t6', 'IPU_left_t5', 'IPU_left_t4', 'IPU_left_t3'];0.6374407582938388;0.6340288930108354;0.6278498922111776;0.0;0.0;0.0
Right Motor Cortex;None;{'alpha': 0.3};{'speech_left_ts': ['SpeechActivity_left', 'talk_left']};['SpeechActivity_left_t6', 'SpeechActivity_left_t5', 'SpeechActivity_left_t4', 'SpeechActivity_left_t3', 'talk_left_t6', 'talk_left_t5', 'talk_left_t4', 'talk_left_t3'];['SpeechActivity_left_t6', 'SpeechActivity_left_t5', 'SpeechActivity_left_t4', 'SpeechActivity_left_t3', 'talk_left_t6', 'talk_left_t5', 'talk_left_t4', 'talk_left_t3'];0.6101895734597157;0.6015043313591765;0.570306528274301;0.0;0.0;0.0
Right Motor Cortex;None;{'alpha': 0.01};{'speech_left_ts': ['IPU_left', 'talk_left']};['IPU_left_t6', 'IPU_left_t5', 'IPU_left_t4', 'IPU_left_t3', 'talk_left_t6', 'talk_left_t5', 'talk_left_t4', 'talk_left_t3'];['IPU_left_t6', 'IPU_left_t5', 'IPU_left_t4', 'IPU_left_t3', 'talk_left_t6', 'talk_left_t5', 'talk_left_t4', 'talk_left_t3'];0.6729857819905213;0.6680993868843145;0.6681219309099682;0.0;0.0;0.0
Right Motor Cortex;None;{'alpha': 0.01};{'speech_left_ts': ['IPU_left', 'Overlap_left']};['IPU_left_t6', 'IPU_left_t5', 'IPU_left_t4', 'IPU_left_t3', 'Overlap_left_t6', 'Overlap_left_t5', 'Overlap_left_t4', 'Overlap_left_t3'];['IPU_left_t6', 'IPU_left_t5', 'IPU_left_t4', 'IPU_left_t3', 'Overlap_left_t6', 'Overlap_left_t5', 'Overlap_left_t4', 'Overlap_left_t3'];0.6729857819905213;0.6677109962420102;0.6618494155665036;0.0;0.0;0.0
Right Motor Cortex;None;{'alpha': 0.01};{'speech_left_ts': ['IPU_left', 'Overlap_left', 'ReactionTime_left']};['IPU_left_t6', 'IPU_left_t5', 'IPU_left_t4', 'IPU_left_t3', 'Overlap_left_t6', 'Overlap_left_t5', 'Overlap_left_t4', 'Overlap_left_t3', 'ReactionTime_left_t6', 'ReactionTime_left_t5', 'ReactionTime_left_t4', 'ReactionTime_left_t3'];['IPU_left_t6', 'IPU_left_t5', 'IPU_left_t4', 'IPU_left_t3', 'Overlap_left_t6', 'Overlap_left_t5', 'Overlap_left_t4', 'Overlap_left_t3', 'ReactionTime_left_t6', 'ReactionTime_left_t5', 'ReactionTime_left_t4', 'ReactionTime_left_t3'];0.6623222748815166;0.6562987438687026;0.6500199970762354;0.0;0.0;0.0
Left Superior Temporal Sulcus;None;{'alpha': 0.4};{'speech_ts': ['IPU', 'FilledBreaks', 'Feedbacks', 'Discourses', 'Particles', 'Laughters']};['IPU_t6', 'IPU_t5', 'IPU_t4', 'IPU_t3', 'FilledBreaks_t6', 'FilledBreaks_t5', 'FilledBreaks_t4', 'FilledBreaks_t3', 'Feedbacks_t6', 'Feedbacks_t5', 'Feedbacks_t4', 'Feedbacks_t3', 'Discourses_t6', 'Discourses_t5', 'Discourses_t4', 'Discourses_t3', 'Particles_t6', 'Particles_t5', 'Particles_t4', 'Particles_t3', 'Laughters_t6', 'Laughters_t5', 'Laughters_t4', 'Laughters_t3'];['IPU_t6', 'IPU_t5', 'IPU_t4', 'IPU_t3', 'FilledBreaks_t6', 'FilledBreaks_t5', 'FilledBreaks_t4', 'FilledBreaks_t3', 'Feedbacks_t6', 'Feedbacks_t5', 'Feedbacks_t4', 'Feedbacks_t3', 'Discourses_t6', 'Discourses_t5', 'Discourses_t4', 'Discourses_t3', 'Particles_t6', 'Particles_t5', 'Particles_t4', 'Particles_t3', 'Laughters_t6', 'Laughters_t5', 'Laughters_t4', 'Laughters_t3'];0.6919431279620853;0.6833562006802485;0.6834660772950784;0.0;0.0;0.0
Left Superior Temporal Sulcus;None;{'alpha': 0.01};{'facial_features_ts': [' AU01_r', ' AU02_r', ' AU04_r', ' AU05_r', ' AU06_r', ' AU07_r', ' AU10_r', ' AU12_r', ' AU14_r', ' AU15_r', ' AU17_r', ' AU20_r', ' AU23_r', ' AU25_r', ' AU26_r']};[' AU01_r_t6', ' AU01_r_t5', ' AU01_r_t4', ' AU01_r_t3', ' AU02_r_t6', ' AU02_r_t5', ' AU02_r_t4', ' AU02_r_t3', ' AU04_r_t6', ' AU04_r_t5', ' AU04_r_t4', ' AU04_r_t3', ' AU05_r_t6', ' AU05_r_t5', ' AU05_r_t4', ' AU05_r_t3', ' AU06_r_t6', ' AU06_r_t5', ' AU06_r_t4', ' AU06_r_t3', ' AU07_r_t6', ' AU07_r_t5', ' AU07_r_t4', ' AU07_r_t3', ' AU10_r_t6', ' AU10_r_t5', ' AU10_r_t4', ' AU10_r_t3', ' AU12_r_t6', ' AU12_r_t5', ' AU12_r_t4', ' AU12_r_t3', ' AU14_r_t6', ' AU14_r_t5', ' AU14_r_t4', ' AU14_r_t3', ' AU15_r_t6', ' AU15_r_t5', ' AU15_r_t4', ' AU15_r_t3', ' AU17_r_t6', ' AU17_r_t5', ' AU17_r_t4', ' AU17_r_t3', ' AU20_r_t6', ' AU20_r_t5', ' AU20_r_t4', ' AU20_r_t3', ' AU23_r_t6', ' AU23_r_t5', ' AU23_r_t4', ' AU23_r_t3', ' AU25_r_t6', ' AU25_r_t5', ' AU25_r_t4', ' AU25_r_t3', ' AU26_r_t6', ' AU26_r_t5', ' AU26_r_t4', ' AU26_r_t3'];[' AU01_r_t6', ' AU01_r_t5', ' AU01_r_t4', ' AU01_r_t3', ' AU02_r_t6', ' AU02_r_t5', ' AU02_r_t4', ' AU02_r_t3', ' AU04_r_t6', ' AU04_r_t5', ' AU04_r_t4', ' AU04_r_t3', ' AU05_r_t6', ' AU05_r_t5', ' AU05_r_t4', ' AU05_r_t3', ' AU06_r_t6', ' AU06_r_t5', ' AU06_r_t4', ' AU06_r_t3', ' AU07_r_t6', ' AU07_r_t5', ' AU07_r_t4', ' AU07_r_t3', ' AU10_r_t6', ' AU10_r_t5', ' AU10_r_t4', ' AU10_r_t3', ' AU12_r_t6', ' AU12_r_t5', ' AU12_r_t4', ' AU12_r_t3', ' AU14_r_t6', ' AU14_r_t5', ' AU14_r_t4', ' AU14_r_t3', ' AU15_r_t6', ' AU15_r_t5', ' AU15_r_t4', ' AU15_r_t3', ' AU17_r_t6', ' AU17_r_t5', ' AU17_r_t4', ' AU17_r_t3', ' AU20_r_t6', ' AU20_r_t5', ' AU20_r_t4', ' AU20_r_t3', ' AU23_r_t6', ' AU23_r_t5', ' AU23_r_t4', ' AU23_r_t3', ' AU25_r_t6', ' AU25_r_t5', ' AU25_r_t4', ' AU25_r_t3', ' AU26_r_t6', ' AU26_r_t5', ' AU26_r_t4', ' AU26_r_t3'];0.6516587677725119;0.6395554135913447;0.6250518108338015;0.0;0.0;0.0
Left Superior Temporal Sulcus;None;{'alpha': 0.1};{'speech_ts': ['IPU']};['IPU_t6', 'IPU_t5', 'IPU_t4', 'IPU_t3'];['IPU_t6', 'IPU_t5', 'IPU_t4', 'IPU_t3'];0.6457345971563981;0.6384934244779835;0.6402582310010042;0.0;0.0;0.0
Left Superior Temporal Sulcus;None;{'alpha': 0.01};{'speech_left_ts': ['IPU_left']};['IPU_left_t6', 'IPU_left_t5', 'IPU_left_t4', 'IPU_left_t3'];['IPU_left_t6', 'IPU_left_t5', 'IPU_left_t4', 'IPU_left_t3'];0.590047393364929;0.34815592641674714;0.43791892979990255;0.0;0.0;0.0
Left Superior Temporal Sulcus;None;{'alpha': 0.01};{'speech_left_ts': ['talk_left']};['talk_left_t6', 'talk_left_t5', 'talk_left_t4', 'talk_left_t3'];['talk_left_t6', 'talk_left_t5', 'talk_left_t4', 'talk_left_t3'];0.5983412322274881;0.35801223018350886;0.4479797216825523;0.0;0.0;0.0
Left Superior Temporal Sulcus;None;{'alpha': 0.01};{'speech_ts': ['talk']};['talk_t6', 'talk_t5', 'talk_t4', 'talk_t3'];['talk_t6', 'talk_t5', 'talk_t4', 'talk_t3'];0.669431279620853;0.6621328424865341;0.6477388377467863;0.0;0.0;0.0
Left Superior Temporal Sulcus;None;{'alpha': 0.4};{'speech_ts': ['IPU', 'FilledBreaks', 'Feedbacks', 'Discourses', 'Particles', 'Laughters'], 'facial_features_ts': [' AU01_r', ' AU02_r', ' AU04_r', ' AU05_r', ' AU06_r', ' AU07_r', ' AU10_r', ' AU12_r', ' AU14_r', ' AU15_r', ' AU17_r', ' AU20_r', ' AU23_r', ' AU25_r', ' AU26_r']};['IPU_t6', 'IPU_t5', 'IPU_t4', 'IPU_t3', 'FilledBreaks_t6', 'FilledBreaks_t5', 'FilledBreaks_t4', 'FilledBreaks_t3', 'Feedbacks_t6', 'Feedbacks_t5', 'Feedbacks_t4', 'Feedbacks_t3', 'Discourses_t6', 'Discourses_t5', 'Discourses_t4', 'Discourses_t3', 'Particles_t6', 'Particles_t5', 'Particles_t4', 'Particles_t3', 'Laughters_t6', 'Laughters_t5', 'Laughters_t4', 'Laughters_t3', ' AU01_r_t6', ' AU01_r_t5', ' AU01_r_t4', ' AU01_r_t3', ' AU02_r_t6', ' AU02_r_t5', ' AU02_r_t4', ' AU02_r_t3', ' AU04_r_t6', ' AU04_r_t5', ' AU04_r_t4', ' AU04_r_t3', ' AU05_r_t6', ' AU05_r_t5', ' AU05_r_t4', ' AU05_r_t3', ' AU06_r_t6', ' AU06_r_t5', ' AU06_r_t4', ' AU06_r_t3', ' AU07_r_t6', ' AU07_r_t5', ' AU07_r_t4', ' AU07_r_t3', ' AU10_r_t6', ' AU10_r_t5', ' AU10_r_t4', ' AU10_r_t3', ' AU12_r_t6', ' AU12_r_t5', ' AU12_r_t4', ' AU12_r_t3', ' AU14_r_t6', ' AU14_r_t5', ' AU14_r_t4', ' AU14_r_t3', ' AU15_r_t6', ' AU15_r_t5', ' AU15_r_t4', ' AU15_r_t3', ' AU17_r_t6', ' AU17_r_t5', ' AU17_r_t4', ' AU17_r_t3', ' AU20_r_t6', ' AU20_r_t5', ' AU20_r_t4', ' AU20_r_t3', ' AU23_r_t6', ' AU23_r_t5', ' AU23_r_t4', ' AU23_r_t3', ' AU25_r_t6', ' AU25_r_t5', ' AU25_r_t4', ' AU25_r_t3', ' AU26_r_t6', ' AU26_r_t5', ' AU26_r_t4', ' AU26_r_t3'];['IPU_t6', 'IPU_t5', 'IPU_t4', 'IPU_t3', 'FilledBreaks_t6', 'FilledBreaks_t5', 'FilledBreaks_t4', 'FilledBreaks_t3', 'Feedbacks_t6', 'Feedbacks_t5', 'Feedbacks_t4', 'Feedbacks_t3', 'Discourses_t6', 'Discourses_t5', 'Discourses_t4', 'Discourses_t3', 'Particles_t6', 'Particles_t5', 'Particles_t4', 'Particles_t3', 'Laughters_t6', 'Laughters_t5', 'Laughters_t4', 'Laughters_t3', ' AU01_r_t6', ' AU01_r_t5', ' AU01_r_t4', ' AU01_r_t3', ' AU02_r_t6', ' AU02_r_t5', ' AU02_r_t4', ' AU02_r_t3', ' AU04_r_t6', ' AU04_r_t5', ' AU04_r_t4', ' AU04_r_t3', ' AU05_r_t6', ' AU05_r_t5', ' AU05_r_t4', ' AU05_r_t3', ' AU06_r_t6', ' AU06_r_t5', ' AU06_r_t4', ' AU06_r_t3', ' AU07_r_t6', ' AU07_r_t5', ' AU07_r_t4', ' AU07_r_t3', ' AU10_r_t6', ' AU10_r_t5', ' AU10_r_t4', ' AU10_r_t3', ' AU12_r_t6', ' AU12_r_t5', ' AU12_r_t4', ' AU12_r_t3', ' AU14_r_t6', ' AU14_r_t5', ' AU14_r_t4', ' AU14_r_t3', ' AU15_r_t6', ' AU15_r_t5', ' AU15_r_t4', ' AU15_r_t3', ' AU17_r_t6', ' AU17_r_t5', ' AU17_r_t4', ' AU17_r_t3', ' AU20_r_t6', ' AU20_r_t5', ' AU20_r_t4', ' AU20_r_t3', ' AU23_r_t6', ' AU23_r_t5', ' AU23_r_t4', ' AU23_r_t3', ' AU25_r_t6', ' AU25_r_t5', ' AU25_r_t4', ' AU25_r_t3', ' AU26_r_t6', ' AU26_r_t5', ' AU26_r_t4', ' AU26_r_t3'];0.6658767772511849;0.6592070426659814;0.6507781334174366;0.0;0.0;0.0
Left Superior Temporal Sulcus;None;{'alpha': 0.1};{'speech_ts': ['IPU'], 'facial_features_ts': [' AU01_r', ' AU02_r', ' AU04_r', ' AU05_r', ' AU06_r', ' AU07_r', ' AU10_r', ' AU12_r', ' AU14_r', ' AU15_r', ' AU17_r', ' AU20_r', ' AU23_r', ' AU25_r', ' AU26_r']};['IPU_t6', 'IPU_t5', 'IPU_t4', 'IPU_t3', ' AU01_r_t6', ' AU01_r_t5', ' AU01_r_t4', ' AU01_r_t3', ' AU02_r_t6', ' AU02_r_t5', ' AU02_r_t4', ' AU02_r_t3', ' AU04_r_t6', ' AU04_r_t5', ' AU04_r_t4', ' AU04_r_t3', ' AU05_r_t6', ' AU05_r_t5', ' AU05_r_t4', ' AU05_r_t3', ' AU06_r_t6', ' AU06_r_t5', ' AU06_r_t4', ' AU06_r_t3', ' AU07_r_t6', ' AU07_r_t5', ' AU07_r_t4', ' AU07_r_t3', ' AU10_r_t6', ' AU10_r_t5', ' AU10_r_t4', ' AU10_r_t3', ' AU12_r_t6', ' AU12_r_t5', ' AU12_r_t4', ' AU12_r_t3', ' AU14_r_t6', ' AU14_r_t5', ' AU14_r_t4', ' AU14_r_t3', ' AU15_r_t6', ' AU15_r_t5', ' AU15_r_t4', ' AU15_r_t3', ' AU17_r_t6', ' AU17_r_t5', ' AU17_r_t4', ' AU17_r_t3', ' AU20_r_t6', ' AU20_r_t5', ' AU20_r_t4', ' AU20_r_t3', ' AU23_r_t6', ' AU23_r_t5', ' AU23_r_t4', ' AU23_r_t3', ' AU25_r_t6', ' AU25_r_t5', ' AU25_r_t4', ' AU25_r_t3', ' AU26_r_t6', ' AU26_r_t5', ' AU26_r_t4', ' AU26_r_t3'];['IPU_t6', 'IPU_t5', 'IPU_t4', 'IPU_t3', ' AU01_r_t6', ' AU01_r_t5', ' AU01_r_t4', ' AU01_r_t3', ' AU02_r_t6', ' AU02_r_t5', ' AU02_r_t4', ' AU02_r_t3', ' AU04_r_t6', ' AU04_r_t5', ' AU04_r_t4', ' AU04_r_t3', ' AU05_r_t6', ' AU05_r_t5', ' AU05_r_t4', ' AU05_r_t3', ' AU06_r_t6', ' AU06_r_t5', ' AU06_r_t4', ' AU06_r_t3', ' AU07_r_t6', ' AU07_r_t5', ' AU07_r_t4', ' AU07_r_t3', ' AU10_r_t6', ' AU10_r_t5', ' AU10_r_t4', ' AU10_r_t3', ' AU12_r_t6', ' AU12_r_t5', ' AU12_r_t4', ' AU12_r_t3', ' AU14_r_t6', ' AU14_r_t5', ' AU14_r_t4', ' AU14_r_t3', ' AU15_r_t6', ' AU15_r_t5', ' AU15_r_t4', ' AU15_r_t3', ' AU17_r_t6', ' AU17_r_t5', ' AU17_r_t4', ' AU17_r_t3', ' AU20_r_t6', ' AU20_r_t5', ' AU20_r_t4', ' AU20_r_t3', ' AU23_r_t6', ' AU23_r_t5', ' AU23_r_t4', ' AU23_r_t3', ' AU25_r_t6', ' AU25_r_t5', ' AU25_r_t4', ' AU25_r_t3', ' AU26_r_t6', ' AU26_r_t5', ' AU26_r_t4', ' AU26_r_t3'];0.6338862559241706;0.6249284048144554;0.6270754221878546;0.0;0.0;0.0
Left Superior Temporal Sulcus;None;{'alpha': 0.01};{'speech_ts': ['Signal']};['Signal_t6', 'Signal_t5', 'Signal_t4', 'Signal_t3'];['Signal_t6', 'Signal_t5', 'Signal_t4', 'Signal_t3'];0.6587677725118484;0.6424402615842371;0.6350504704865141;0.0;0.0;0.0
Left Superior Temporal Sulcus;None;{'alpha': 0.01};{'speech_ts': ['IPU', 'Signal']};['IPU_t6', 'IPU_t5', 'IPU_t4', 'IPU_t3', 'Signal_t6', 'Signal_t5', 'Signal_t4', 'Signal_t3'];['IPU_t6', 'IPU_t5', 'IPU_t4', 'IPU_t3', 'Signal_t6', 'Signal_t5', 'Signal_t4', 'Signal_t3'];0.6824644549763034;0.6745582715735232;0.6716690977206891;0.0;0.0;0.0
Left Superior Temporal Sulcus;None;{'alpha': 0.01};{'speech_left_ts': ['Signal_left']};['Signal_left_t6', 'Signal_left_t5', 'Signal_left_t4', 'Signal_left_t3'];['Signal_left_t6', 'Signal_left_t5', 'Signal_left_t4', 'Signal_left_t3'];0.5781990521327014;0.33431414388715436;0.42366537153267014;0.0;0.0;0.0
Left Superior Temporal Sulcus;None;{'alpha': 0.4};{'speech_left_ts': ['IPU_left', 'Signal_left']};['IPU_left_t6', 'IPU_left_t5', 'IPU_left_t4', 'IPU_left_t3', 'Signal_left_t6', 'Signal_left_t5', 'Signal_left_t4', 'Signal_left_t3'];['IPU_left_t6', 'IPU_left_t5', 'IPU_left_t4', 'IPU_left_t3', 'Signal_left_t6', 'Signal_left_t5', 'Signal_left_t4', 'Signal_left_t3'];0.6125592417061612;0.37522882459962714;0.4653829948010071;0.0;0.0;0.0
Left Superior Temporal Sulcus;None;{'alpha': 0.5};{'speech_ts': ['IPU', 'FilledBreaks', 'Feedbacks', 'Discourses', 'Particles', 'Laughters', 'Polarity', 'Subjectivity', 'LexicalRichness1', 'LexicalRichness2']};['IPU_t6', 'IPU_t5', 'IPU_t4', 'IPU_t3', 'FilledBreaks_t6', 'FilledBreaks_t5', 'FilledBreaks_t4', 'FilledBreaks_t3', 'Feedbacks_t6', 'Feedbacks_t5', 'Feedbacks_t4', 'Feedbacks_t3', 'Discourses_t6', 'Discourses_t5', 'Discourses_t4', 'Discourses_t3', 'Particles_t6', 'Particles_t5', 'Particles_t4', 'Particles_t3', 'Laughters_t6', 'Laughters_t5', 'Laughters_t4', 'Laughters_t3', 'Polarity_t6', 'Polarity_t5', 'Polarity_t4', 'Polarity_t3', 'Subjectivity_t6', 'Subjectivity_t5', 'Subjectivity_t4', 'Subjectivity_t3', 'LexicalRichness1_t6', 'LexicalRichness1_t5', 'LexicalRichness1_t4', 'LexicalRichness1_t3', 'LexicalRichness2_t6', 'LexicalRichness2_t5', 'LexicalRichness2_t4', 'LexicalRichness2_t3'];['IPU_t6', 'IPU_t5', 'IPU_t4', 'IPU_t3', 'FilledBreaks_t6', 'FilledBreaks_t5', 'FilledBreaks_t4', 'FilledBreaks_t3', 'Feedbacks_t6', 'Feedbacks_t5', 'Feedbacks_t4', 'Feedbacks_t3', 'Discourses_t6', 'Discourses_t5', 'Discourses_t4', 'Discourses_t3', 'Particles_t6', 'Particles_t5', 'Particles_t4', 'Particles_t3', 'Laughters_t6', 'Laughters_t5', 'Laughters_t4', 'Laughters_t3', 'Polarity_t6', 'Polarity_t5', 'Polarity_t4', 'Polarity_t3', 'Subjectivity_t6', 'Subjectivity_t5', 'Subjectivity_t4', 'Subjectivity_t3', 'LexicalRichness1_t6', 'LexicalRichness1_t5', 'LexicalRichness1_t4', 'LexicalRichness1_t3', 'LexicalRichness2_t6', 'LexicalRichness2_t5', 'LexicalRichness2_t4', 'LexicalRichness2_t3'];0.6540284360189573;0.6427923238287623;0.6416453647763845;0.0;0.0;0.0
Left Superior Temporal Sulcus;None;{'alpha': 0.2};{'speech_ts': ['IPU', 'FilledBreaks', 'Feedbacks', 'Discourses', 'Particles', 'Laughters', 'Polarity', 'Subjectivity']};['IPU_t6', 'IPU_t5', 'IPU_t4', 'IPU_t3', 'FilledBreaks_t6', 'FilledBreaks_t5', 'FilledBreaks_t4', 'FilledBreaks_t3', 'Feedbacks_t6', 'Feedbacks_t5', 'Feedbacks_t4', 'Feedbacks_t3', 'Discourses_t6', 'Discourses_t5', 'Discourses_t4', 'Discourses_t3', 'Particles_t6', 'Particles_t5', 'Particles_t4', 'Particles_t3', 'Laughters_t6', 'Laughters_t5', 'Laughters_t4', 'Laughters_t3', 'Polarity_t6', 'Polarity_t5', 'Polarity_t4', 'Polarity_t3', 'Subjectivity_t6', 'Subjectivity_t5', 'Subjectivity_t4', 'Subjectivity_t3'];['IPU_t6', 'IPU_t5', 'IPU_t4', 'IPU_t3', 'FilledBreaks_t6', 'FilledBreaks_t5', 'FilledBreaks_t4', 'FilledBreaks_t3', 'Feedbacks_t6', 'Feedbacks_t5', 'Feedbacks_t4', 'Feedbacks_t3', 'Discourses_t6', 'Discourses_t5', 'Discourses_t4', 'Discourses_t3', 'Particles_t6', 'Particles_t5', 'Particles_t4', 'Particles_t3', 'Laughters_t6', 'Laughters_t5', 'Laughters_t4', 'Laughters_t3', 'Polarity_t6', 'Polarity_t5', 'Polarity_t4', 'Polarity_t3', 'Subjectivity_t6', 'Subjectivity_t5', 'Subjectivity_t4', 'Subjectivity_t3'];0.6646919431279621;0.6623766431128356;0.6496711774904782;0.0;0.0;0.0
Right Superior Temporal Sulcus;None;{'alpha': 0.1};{'speech_ts': ['IPU', 'FilledBreaks', 'Feedbacks', 'Discourses', 'Particles', 'Laughters']};['IPU_t6', 'IPU_t5', 'IPU_t4', 'IPU_t3', 'FilledBreaks_t6', 'FilledBreaks_t5', 'FilledBreaks_t4', 'FilledBreaks_t3', 'Feedbacks_t6', 'Feedbacks_t5', 'Feedbacks_t4', 'Feedbacks_t3', 'Discourses_t6', 'Discourses_t5', 'Discourses_t4', 'Discourses_t3', 'Particles_t6', 'Particles_t5', 'Particles_t4', 'Particles_t3', 'Laughters_t6', 'Laughters_t5', 'Laughters_t4', 'Laughters_t3'];['IPU_t6', 'IPU_t5', 'IPU_t4', 'IPU_t3', 'FilledBreaks_t6', 'FilledBreaks_t5', 'FilledBreaks_t4', 'FilledBreaks_t3', 'Feedbacks_t6', 'Feedbacks_t5', 'Feedbacks_t4', 'Feedbacks_t3', 'Discourses_t6', 'Discourses_t5', 'Discourses_t4', 'Discourses_t3', 'Particles_t6', 'Particles_t5', 'Particles_t4', 'Particles_t3', 'Laughters_t6', 'Laughters_t5', 'Laughters_t4', 'Laughters_t3'];0.6398104265402843;0.6243057370820789;0.6196743930878713;0.0;0.0;0.0
Right Superior Temporal Sulcus;None;{'alpha': 0.01};{'facial_features_ts': [' AU01_r', ' AU02_r', ' AU04_r', ' AU05_r', ' AU06_r', ' AU07_r', ' AU10_r', ' AU12_r', ' AU14_r', ' AU15_r', ' AU17_r', ' AU20_r', ' AU23_r', ' AU25_r', ' AU26_r']};[' AU01_r_t6', ' AU01_r_t5', ' AU01_r_t4', ' AU01_r_t3', ' AU02_r_t6', ' AU02_r_t5', ' AU02_r_t4', ' AU02_r_t3', ' AU04_r_t6', ' AU04_r_t5', ' AU04_r_t4', ' AU04_r_t3', ' AU05_r_t6', ' AU05_r_t5', ' AU05_r_t4', ' AU05_r_t3', ' AU06_r_t6', ' AU06_r_t5', ' AU06_r_t4', ' AU06_r_t3', ' AU07_r_t6', ' AU07_r_t5', ' AU07_r_t4', ' AU07_r_t3', ' AU10_r_t6', ' AU10_r_t5', ' AU10_r_t4', ' AU10_r_t3', ' AU12_r_t6', ' AU12_r_t5', ' AU12_r_t4', ' AU12_r_t3', ' AU14_r_t6', ' AU14_r_t5', ' AU14_r_t4', ' AU14_r_t3', ' AU15_r_t6', ' AU15_r_t5', ' AU15_r_t4', ' AU15_r_t3', ' AU17_r_t6', ' AU17_r_t5', ' AU17_r_t4', ' AU17_r_t3', ' AU20_r_t6', ' AU20_r_t5', ' AU20_r_t4', ' AU20_r_t3', ' AU23_r_t6', ' AU23_r_t5', ' AU23_r_t4', ' AU23_r_t3', ' AU25_r_t6', ' AU25_r_t5', ' AU25_r_t4', ' AU25_r_t3', ' AU26_r_t6', ' AU26_r_t5', ' AU26_r_t4', ' AU26_r_t3'];[' AU01_r_t6', ' AU01_r_t5', ' AU01_r_t4', ' AU01_r_t3', ' AU02_r_t6', ' AU02_r_t5', ' AU02_r_t4', ' AU02_r_t3', ' AU04_r_t6', ' AU04_r_t5', ' AU04_r_t4', ' AU04_r_t3', ' AU05_r_t6', ' AU05_r_t5', ' AU05_r_t4', ' AU05_r_t3', ' AU06_r_t6', ' AU06_r_t5', ' AU06_r_t4', ' AU06_r_t3', ' AU07_r_t6', ' AU07_r_t5', ' AU07_r_t4', ' AU07_r_t3', ' AU10_r_t6', ' AU10_r_t5', ' AU10_r_t4', ' AU10_r_t3', ' AU12_r_t6', ' AU12_r_t5', ' AU12_r_t4', ' AU12_r_t3', ' AU14_r_t6', ' AU14_r_t5', ' AU14_r_t4', ' AU14_r_t3', ' AU15_r_t6', ' AU15_r_t5', ' AU15_r_t4', ' AU15_r_t3', ' AU17_r_t6', ' AU17_r_t5', ' AU17_r_t4', ' AU17_r_t3', ' AU20_r_t6', ' AU20_r_t5', ' AU20_r_t4', ' AU20_r_t3', ' AU23_r_t6', ' AU23_r_t5', ' AU23_r_t4', ' AU23_r_t3', ' AU25_r_t6', ' AU25_r_t5', ' AU25_r_t4', ' AU25_r_t3', ' AU26_r_t6', ' AU26_r_t5', ' AU26_r_t4', ' AU26_r_t3'];0.6611374407582938;0.6519482058226135;0.6210988976747347;0.0;0.0;0.0
Right Superior Temporal Sulcus;None;{'alpha': 0.2};{'speech_ts': ['IPU']};['IPU_t6', 'IPU_t5', 'IPU_t4', 'IPU_t3'];['IPU_t6', 'IPU_t5', 'IPU_t4', 'IPU_t3'];0.6552132701421801;0.6467672240302939;0.6330127391178721;0.0;0.0;0.0
Right Superior Temporal Sulcus;None;{'alpha': 0.01};{'speech_left_ts': ['IPU_left']};['IPU_left_t6', 'IPU_left_t5', 'IPU_left_t4', 'IPU_left_t3'];['IPU_left_t6', 'IPU_left_t5', 'IPU_left_t4', 'IPU_left_t3'];0.6149289099526066;0.378137564295501;0.4683024273887056;0.0;0.0;0.0
Right Superior Temporal Sulcus;None;{'alpha': 0.01};{'speech_left_ts': ['talk_left']};['talk_left_t6', 'talk_left_t5', 'talk_left_t4', 'talk_left_t3'];['talk_left_t6', 'talk_left_t5', 'talk_left_t4', 'talk_left_t3'];0.6575829383886256;0.43241532085981893;0.521742002581397;0.0;0.0;0.0
Right Superior Temporal Sulcus;None;{'alpha': 0.01};{'speech_ts': ['talk']};['talk_t6', 'talk_t5', 'talk_t4', 'talk_t3'];['talk_t6', 'talk_t5', 'talk_t4', 'talk_t3'];0.6007109004739336;0.5772612823433745;0.5726061672526288;0.0;0.0;0.0
Right Superior Temporal Sulcus;None;{'alpha': 0.2};{'speech_ts': ['IPU', 'FilledBreaks', 'Feedbacks', 'Discourses', 'Particles', 'Laughters'], 'facial_features_ts': [' AU01_r', ' AU02_r', ' AU04_r', ' AU05_r', ' AU06_r', ' AU07_r', ' AU10_r', ' AU12_r', ' AU14_r', ' AU15_r', ' AU17_r', ' AU20_r', ' AU23_r', ' AU25_r', ' AU26_r']};['IPU_t6', 'IPU_t5', 'IPU_t4', 'IPU_t3', 'FilledBreaks_t6', 'FilledBreaks_t5', 'FilledBreaks_t4', 'FilledBreaks_t3', 'Feedbacks_t6', 'Feedbacks_t5', 'Feedbacks_t4', 'Feedbacks_t3', 'Discourses_t6', 'Discourses_t5', 'Discourses_t4', 'Discourses_t3', 'Particles_t6', 'Particles_t5', 'Particles_t4', 'Particles_t3', 'Laughters_t6', 'Laughters_t5', 'Laughters_t4', 'Laughters_t3', ' AU01_r_t6', ' AU01_r_t5', ' AU01_r_t4', ' AU01_r_t3', ' AU02_r_t6', ' AU02_r_t5', ' AU02_r_t4', ' AU02_r_t3', ' AU04_r_t6', ' AU04_r_t5', ' AU04_r_t4', ' AU04_r_t3', ' AU05_r_t6', ' AU05_r_t5', ' AU05_r_t4', ' AU05_r_t3', ' AU06_r_t6', ' AU06_r_t5', ' AU06_r_t4', ' AU06_r_t3', ' AU07_r_t6', ' AU07_r_t5', ' AU07_r_t4', ' AU07_r_t3', ' AU10_r_t6', ' AU10_r_t5', ' AU10_r_t4', ' AU10_r_t3', ' AU12_r_t6', ' AU12_r_t5', ' AU12_r_t4', ' AU12_r_t3', ' AU14_r_t6', ' AU14_r_t5', ' AU14_r_t4', ' AU14_r_t3', ' AU15_r_t6', ' AU15_r_t5', ' AU15_r_t4', ' AU15_r_t3', ' AU17_r_t6', ' AU17_r_t5', ' AU17_r_t4', ' AU17_r_t3', ' AU20_r_t6', ' AU20_r_t5', ' AU20_r_t4', ' AU20_r_t3', ' AU23_r_t6', ' AU23_r_t5', ' AU23_r_t4', ' AU23_r_t3', ' AU25_r_t6', ' AU25_r_t5', ' AU25_r_t4', ' AU25_r_t3', ' AU26_r_t6', ' AU26_r_t5', ' AU26_r_t4', ' AU26_r_t3'];['IPU_t6', 'IPU_t5', 'IPU_t4', 'IPU_t3', 'FilledBreaks_t6', 'FilledBreaks_t5', 'FilledBreaks_t4', 'FilledBreaks_t3', 'Feedbacks_t6', 'Feedbacks_t5', 'Feedbacks_t4', 'Feedbacks_t3', 'Discourses_t6', 'Discourses_t5', 'Discourses_t4', 'Discourses_t3', 'Particles_t6', 'Particles_t5', 'Particles_t4', 'Particles_t3', 'Laughters_t6', 'Laughters_t5', 'Laughters_t4', 'Laughters_t3', ' AU01_r_t6', ' AU01_r_t5', ' AU01_r_t4', ' AU01_r_t3', ' AU02_r_t6', ' AU02_r_t5', ' AU02_r_t4', ' AU02_r_t3', ' AU04_r_t6', ' AU04_r_t5', ' AU04_r_t4', ' AU04_r_t3', ' AU05_r_t6', ' AU05_r_t5', ' AU05_r_t4', ' AU05_r_t3', ' AU06_r_t6', ' AU06_r_t5', ' AU06_r_t4', ' AU06_r_t3', ' AU07_r_t6', ' AU07_r_t5', ' AU07_r_t4', ' AU07_r_t3', ' AU10_r_t6', ' AU10_r_t5', ' AU10_r_t4', ' AU10_r_t3', ' AU12_r_t6', ' AU12_r_t5', ' AU12_r_t4', ' AU12_r_t3', ' AU14_r_t6', ' AU14_r_t5', ' AU14_r_t4', ' AU14_r_t3', ' AU15_r_t6', ' AU15_r_t5', ' AU15_r_t4', ' AU15_r_t3', ' AU17_r_t6', ' AU17_r_t5', ' AU17_r_t4', ' AU17_r_t3', ' AU20_r_t6', ' AU20_r_t5', ' AU20_r_t4', ' AU20_r_t3', ' AU23_r_t6', ' AU23_r_t5', ' AU23_r_t4', ' AU23_r_t3', ' AU25_r_t6', ' AU25_r_t5', ' AU25_r_t4', ' AU25_r_t3', ' AU26_r_t6', ' AU26_r_t5', ' AU26_r_t4', ' AU26_r_t3'];0.6777251184834124;0.6638807184127089;0.6633052879504456;0.0;0.0;0.0
Right Superior Temporal Sulcus;None;{'alpha': 0.4};{'speech_ts': ['IPU'], 'facial_features_ts': [' AU01_r', ' AU02_r', ' AU04_r', ' AU05_r', ' AU06_r', ' AU07_r', ' AU10_r', ' AU12_r', ' AU14_r', ' AU15_r', ' AU17_r', ' AU20_r', ' AU23_r', ' AU25_r', ' AU26_r']};['IPU_t6', 'IPU_t5', 'IPU_t4', 'IPU_t3', ' AU01_r_t6', ' AU01_r_t5', ' AU01_r_t4', ' AU01_r_t3', ' AU02_r_t6', ' AU02_r_t5', ' AU02_r_t4', ' AU02_r_t3', ' AU04_r_t6', ' AU04_r_t5', ' AU04_r_t4', ' AU04_r_t3', ' AU05_r_t6', ' AU05_r_t5', ' AU05_r_t4', ' AU05_r_t3', ' AU06_r_t6', ' AU06_r_t5', ' AU06_r_t4', ' AU06_r_t3', ' AU07_r_t6', ' AU07_r_t5', ' AU07_r_t4', ' AU07_r_t3', ' AU10_r_t6', ' AU10_r_t5', ' AU10_r_t4', ' AU10_r_t3', ' AU12_r_t6', ' AU12_r_t5', ' AU12_r_t4', ' AU12_r_t3', ' AU14_r_t6', ' AU14_r_t5', ' AU14_r_t4', ' AU14_r_t3', ' AU15_r_t6', ' AU15_r_t5', ' AU15_r_t4', ' AU15_r_t3', ' AU17_r_t6', ' AU17_r_t5', ' AU17_r_t4', ' AU17_r_t3', ' AU20_r_t6', ' AU20_r_t5', ' AU20_r_t4', ' AU20_r_t3', ' AU23_r_t6', ' AU23_r_t5', ' AU23_r_t4', ' AU23_r_t3', ' AU25_r_t6', ' AU25_r_t5', ' AU25_r_t4', ' AU25_r_t3', ' AU26_r_t6', ' AU26_r_t5', ' AU26_r_t4', ' AU26_r_t3'];['IPU_t6', 'IPU_t5', 'IPU_t4', 'IPU_t3', ' AU01_r_t6', ' AU01_r_t5', ' AU01_r_t4', ' AU01_r_t3', ' AU02_r_t6', ' AU02_r_t5', ' AU02_r_t4', ' AU02_r_t3', ' AU04_r_t6', ' AU04_r_t5', ' AU04_r_t4', ' AU04_r_t3', ' AU05_r_t6', ' AU05_r_t5', ' AU05_r_t4', ' AU05_r_t3', ' AU06_r_t6', ' AU06_r_t5', ' AU06_r_t4', ' AU06_r_t3', ' AU07_r_t6', ' AU07_r_t5', ' AU07_r_t4', ' AU07_r_t3', ' AU10_r_t6', ' AU10_r_t5', ' AU10_r_t4', ' AU10_r_t3', ' AU12_r_t6', ' AU12_r_t5', ' AU12_r_t4', ' AU12_r_t3', ' AU14_r_t6', ' AU14_r_t5', ' AU14_r_t4', ' AU14_r_t3', ' AU15_r_t6', ' AU15_r_t5', ' AU15_r_t4', ' AU15_r_t3', ' AU17_r_t6', ' AU17_r_t5', ' AU17_r_t4', ' AU17_r_t3', ' AU20_r_t6', ' AU20_r_t5', ' AU20_r_t4', ' AU20_r_t3', ' AU23_r_t6', ' AU23_r_t5', ' AU23_r_t4', ' AU23_r_t3', ' AU25_r_t6', ' AU25_r_t5', ' AU25_r_t4', ' AU25_r_t3', ' AU26_r_t6', ' AU26_r_t5', ' AU26_r_t4', ' AU26_r_t3'];0.6800947867298578;0.6649548454814587;0.6582523735159433;0.0;0.0;0.0
Right Superior Temporal Sulcus;None;{'alpha': 0.1};{'speech_ts': ['Signal']};['Signal_t6', 'Signal_t5', 'Signal_t4', 'Signal_t3'];['Signal_t6', 'Signal_t5', 'Signal_t4', 'Signal_t3'];0.6409952606635071;0.6129038646666612;0.5974063776134085;0.0;0.0;0.0
Right Superior Temporal Sulcus;None;{'alpha': 0.2};{'speech_ts': ['IPU', 'Signal']};['IPU_t6', 'IPU_t5', 'IPU_t4', 'IPU_t3', 'Signal_t6', 'Signal_t5', 'Signal_t4', 'Signal_t3'];['IPU_t6', 'IPU_t5', 'IPU_t4', 'IPU_t3', 'Signal_t6', 'Signal_t5', 'Signal_t4', 'Signal_t3'];0.6315165876777251;0.6116620427712967;0.6097621405353084;0.0;0.0;0.0
Right Superior Temporal Sulcus;None;{'alpha': 0.01};{'speech_left_ts': ['Signal_left']};['Signal_left_t6', 'Signal_left_t5', 'Signal_left_t4', 'Signal_left_t3'];['Signal_left_t6', 'Signal_left_t5', 'Signal_left_t4', 'Signal_left_t3'];0.6386255924170616;0.40784264729004294;0.4977862535253741;0.0;0.0;0.0
Right Superior Temporal Sulcus;None;{'alpha': 0.3};{'speech_left_ts': ['IPU_left', 'Signal_left']};['IPU_left_t6', 'IPU_left_t5', 'IPU_left_t4', 'IPU_left_t3', 'Signal_left_t6', 'Signal_left_t5', 'Signal_left_t4', 'Signal_left_t3'];['IPU_left_t6', 'IPU_left_t5', 'IPU_left_t4', 'IPU_left_t3', 'Signal_left_t6', 'Signal_left_t5', 'Signal_left_t4', 'Signal_left_t3'];0.6445497630331753;0.4154443970261225;0.5052378545966101;0.0;0.0;0.0
Right Superior Temporal Sulcus;None;{'alpha': 0.4};{'speech_ts': ['IPU', 'FilledBreaks', 'Feedbacks', 'Discourses', 'Particles', 'Laughters', 'Polarity', 'Subjectivity', 'LexicalRichness1', 'LexicalRichness2']};['IPU_t6', 'IPU_t5', 'IPU_t4', 'IPU_t3', 'FilledBreaks_t6', 'FilledBreaks_t5', 'FilledBreaks_t4', 'FilledBreaks_t3', 'Feedbacks_t6', 'Feedbacks_t5', 'Feedbacks_t4', 'Feedbacks_t3', 'Discourses_t6', 'Discourses_t5', 'Discourses_t4', 'Discourses_t3', 'Particles_t6', 'Particles_t5', 'Particles_t4', 'Particles_t3', 'Laughters_t6', 'Laughters_t5', 'Laughters_t4', 'Laughters_t3', 'Polarity_t6', 'Polarity_t5', 'Polarity_t4', 'Polarity_t3', 'Subjectivity_t6', 'Subjectivity_t5', 'Subjectivity_t4', 'Subjectivity_t3', 'LexicalRichness1_t6', 'LexicalRichness1_t5', 'LexicalRichness1_t4', 'LexicalRichness1_t3', 'LexicalRichness2_t6', 'LexicalRichness2_t5', 'LexicalRichness2_t4', 'LexicalRichness2_t3'];['IPU_t6', 'IPU_t5', 'IPU_t4', 'IPU_t3', 'FilledBreaks_t6', 'FilledBreaks_t5', 'FilledBreaks_t4', 'FilledBreaks_t3', 'Feedbacks_t6', 'Feedbacks_t5', 'Feedbacks_t4', 'Feedbacks_t3', 'Discourses_t6', 'Discourses_t5', 'Discourses_t4', 'Discourses_t3', 'Particles_t6', 'Particles_t5', 'Particles_t4', 'Particles_t3', 'Laughters_t6', 'Laughters_t5', 'Laughters_t4', 'Laughters_t3', 'Polarity_t6', 'Polarity_t5', 'Polarity_t4', 'Polarity_t3', 'Subjectivity_t6', 'Subjectivity_t5', 'Subjectivity_t4', 'Subjectivity_t3', 'LexicalRichness1_t6', 'LexicalRichness1_t5', 'LexicalRichness1_t4', 'LexicalRichness1_t3', 'LexicalRichness2_t6', 'LexicalRichness2_t5', 'LexicalRichness2_t4', 'LexicalRichness2_t3'];0.6611374407582938;0.6508635770857851;0.6546597261361892;0.0;0.0;0.0
Right Superior Temporal Sulcus;None;{'alpha': 0.5};{'speech_ts': ['IPU', 'FilledBreaks', 'Feedbacks', 'Discourses', 'Particles', 'Laughters', 'Polarity', 'Subjectivity']};['IPU_t6', 'IPU_t5', 'IPU_t4', 'IPU_t3', 'FilledBreaks_t6', 'FilledBreaks_t5', 'FilledBreaks_t4', 'FilledBreaks_t3', 'Feedbacks_t6', 'Feedbacks_t5', 'Feedbacks_t4', 'Feedbacks_t3', 'Discourses_t6', 'Discourses_t5', 'Discourses_t4', 'Discourses_t3', 'Particles_t6', 'Particles_t5', 'Particles_t4', 'Particles_t3', 'Laughters_t6', 'Laughters_t5', 'Laughters_t4', 'Laughters_t3', 'Polarity_t6', 'Polarity_t5', 'Polarity_t4', 'Polarity_t3', 'Subjectivity_t6', 'Subjectivity_t5', 'Subjectivity_t4', 'Subjectivity_t3'];['IPU_t6', 'IPU_t5', 'IPU_t4', 'IPU_t3', 'FilledBreaks_t6', 'FilledBreaks_t5', 'FilledBreaks_t4', 'FilledBreaks_t3', 'Feedbacks_t6', 'Feedbacks_t5', 'Feedbacks_t4', 'Feedbacks_t3', 'Discourses_t6', 'Discourses_t5', 'Discourses_t4', 'Discourses_t3', 'Particles_t6', 'Particles_t5', 'Particles_t4', 'Particles_t3', 'Laughters_t6', 'Laughters_t5', 'Laughters_t4', 'Laughters_t3', 'Polarity_t6', 'Polarity_t5', 'Polarity_t4', 'Polarity_t3', 'Subjectivity_t6', 'Subjectivity_t5', 'Subjectivity_t4', 'Subjectivity_t3'];0.669431279620853;0.6567845734834786;0.6597439844144704;0.0;0.0;0.0
